"","시점","일자","광역산지","도매가격.원.kg.","거래량.톤.","거래금액.백만원.","시도별","마늘.면적..ha.","X10a당.생산량..kg.","생산량..톤.","평균","평균기온..C.","일강수량.mm.","평균.풍속.m.s.","합계.일조시간.hr.","평균.지면온도..C.","평균.5cm.지중온도..C."
"1","2021","2021-08-26","강원","3,500",0.07,0.25,"강원도",314,922,2891,0.36735597,3.129834254,4.531578947,1.903314917,4.963535912,4.918232044,4.878453039
"2","2021","2021-08-25","강원","2,625",0.05,0.13,"강원도",314,922,2891,0.36735597,3.170165746,4.423076923,1.898895028,4.944751381,4.946961326,4.933149171
"3","2021","2021-08-24","강원","3,526",0.12,0.42,"강원도",314,922,2891,0.36735597,3.207734807,4.423076923,1.884530387,4.899447514,4.986187845,4.987292818
"4","2021","2021-08-23","강원","3,577",0.06,0.23,"강원도",314,922,2891,0.36735597,3.260773481,4.423076923,1.86961326,4.877900552,5.050828729,5.051381215
"5","2021","2021-08-21","강원","4,500",0.03,0.11,"강원도",314,922,2891,0.36735597,3.347513812,4.392105263,1.860773481,4.95359116,5.168508287,5.174585635
"6","2021","2021-08-21","강원","3,413",0.07,0.25,"강원도",314,922,2891,0.36735597,3.347513812,4.392105263,1.860773481,4.95359116,5.168508287,5.174585635
"7","2021","2021-08-18","강원","8,235",0.57,4.68,"강원도",314,922,2891,0.36735597,3.487845304,4.392105263,1.859668508,4.900552486,5.296132597,5.366298343
"8","2021","2021-08-18","강원","3,275",0.05,0.16,"강원도",314,922,2891,0.36735597,3.487845304,4.392105263,1.859668508,4.900552486,5.296132597,5.366298343
"9","2021","2021-08-17","강원","6,420",0.01,0.06,"강원도",314,922,2891,0.36735597,3.533149171,4.721052632,1.84640884,4.87679558,5.340331492,5.43480663
"10","2021","2021-08-17","강원","3,266",0.2,0.65,"강원도",314,922,2891,0.36735597,3.533149171,4.721052632,1.84640884,4.87679558,5.340331492,5.43480663
"11","2021","2021-08-14","강원","8,000",0.02,0.16,"강원도",314,922,2891,0.36735597,3.708287293,4.721052632,1.831491713,4.876243094,5.531491713,5.670718232
"12","2021","2021-08-14","강원","3,375",0.07,0.24,"강원도",314,922,2891,0.36735597,3.708287293,4.721052632,1.831491713,4.876243094,5.531491713,5.670718232
"13","2021","2021-08-12","강원","7,200",0.008,0.06,"강원도",314,922,2891,0.36735597,3.833701657,5.164102564,1.835911602,4.833701657,5.659116022,5.828176796
"14","2021","2021-08-12","강원","3,422",0.13,0.44,"강원도",314,922,2891,0.36735597,3.833701657,5.164102564,1.835911602,4.833701657,5.659116022,5.828176796
"15","2021","2021-08-11","강원","6,700",0.01,0.07,"강원도",314,922,2891,0.36735597,3.906629834,5.0375,1.83480663,4.81878453,5.733701657,5.917127072
"16","2021","2021-08-10","강원","8,500",0.02,0.17,"강원도",314,922,2891,0.36735597,3.982872928,5.036585366,1.839779006,4.810497238,5.813812155,6.008287293
"17","2021","2021-08-10","강원","3,150",0.02,0.05,"강원도",314,922,2891,0.36735597,3.982872928,5.036585366,1.839779006,4.810497238,5.813812155,6.008287293
"18","2021","2021-08-09","강원","3,390",0.23,0.79,"강원도",314,922,2891,0.36735597,4.077900552,4.923809524,1.871270718,4.798895028,5.877900552,6.097790055
"19","2021","2021-08-06","강원","7,300",0.01,0.09,"강원도",314,922,2891,0.36735597,4.33038674,5.924444444,1.896132597,4.736464088,6.148618785,6.41160221
"20","2021","2021-08-06","강원","3,358",0.32,1.07,"강원도",314,922,2891,0.36735597,4.33038674,5.924444444,1.896132597,4.736464088,6.148618785,6.41160221
"21","2021","2021-08-05","강원","7,000",0.02,0.11,"강원도",314,922,2891,0.36735597,4.43480663,5.924444444,1.90718232,4.780662983,6.285635359,6.538121547
"22","2021","2021-08-05","강원","8,438",0.008,0.07,"강원도",314,922,2891,0.36735597,4.43480663,5.924444444,1.90718232,4.780662983,6.285635359,6.538121547
"23","2021","2021-08-05","강원","3,375",0.13,0.43,"강원도",314,922,2891,0.36735597,4.43480663,5.924444444,1.90718232,4.780662983,6.285635359,6.538121547
"24","2021","2021-08-04","강원","3,321",0.17,0.56,"강원도",314,922,2891,0.36735597,4.559116022,6.741304348,1.93038674,4.754143646,6.409392265,6.664088398
"25","2021","2021-08-03","강원","3,150",0.05,0.15,"강원도",314,922,2891,0.36735597,4.691160221,7.445652174,1.923756906,4.748066298,6.54640884,6.802209945
"26","2021","2021-07-31","강원","8,250",0.06,0.5,"강원도",314,922,2891,0.36735597,5.012707182,5.786956522,1.91160221,4.75359116,6.903314917,7.198895028
"27","2021","2021-07-31","강원","6,700",0.01,0.08,"강원도",314,922,2891,0.36735597,5.012707182,5.786956522,1.91160221,4.75359116,6.903314917,7.198895028
"28","2021","2021-07-31","강원","3,404",0.008,0.03,"강원도",314,922,2891,0.36735597,5.012707182,5.786956522,1.91160221,4.75359116,6.903314917,7.198895028
"29","2021","2021-07-29","강원","6,400",0.007,0.04,"강원도",314,922,2891,0.36735597,5.276243094,5.954166667,1.908839779,4.775690608,7.193370166,7.50718232
"30","2021","2021-07-29","강원","2,051",0.19,0.38,"강원도",314,922,2891,0.36735597,5.276243094,5.954166667,1.908839779,4.775690608,7.193370166,7.50718232
"31","2021","2021-07-29","강원","3,375",0.11,0.38,"강원도",314,922,2891,0.36735597,5.276243094,5.954166667,1.908839779,4.775690608,7.193370166,7.50718232
"32","2021","2021-07-28","강원","3,446",0.15,0.52,"강원도",314,922,2891,0.36735597,5.414917127,5.904081633,1.911049724,4.764640884,7.325966851,7.654696133
"33","2021","2021-07-27","강원","8,000",0.05,0.4,"강원도",314,922,2891,0.36735597,5.556906077,5.846,1.90718232,4.749171271,7.471823204,7.80441989
"34","2021","2021-07-27","강원","3,565",0.12,0.43,"강원도",314,922,2891,0.36735597,5.556906077,5.846,1.90718232,4.749171271,7.471823204,7.80441989
"35","2021","2021-07-26","강원","2,100",0.11,0.23,"강원도",314,922,2891,0.36735597,5.649171271,5.846,1.889502762,4.754143646,7.597237569,7.956353591
"36","2021","2021-07-26","강원","3,375",0.02,0.05,"강원도",314,922,2891,0.36735597,5.649171271,5.846,1.889502762,4.754143646,7.597237569,7.956353591
"37","2021","2021-07-24","강원","7,250",0.06,0.44,"강원도",314,922,2891,0.36735597,5.816022099,5.741176471,1.86519337,4.751933702,7.805524862,8.243646409
"38","2021","2021-07-24","강원","3,900",0.4,1.56,"강원도",314,922,2891,0.36735597,5.816022099,5.741176471,1.86519337,4.751933702,7.805524862,8.243646409
"39","2021","2021-07-24","강원","3,250",0.02,0.08,"강원도",314,922,2891,0.36735597,5.816022099,5.741176471,1.86519337,4.751933702,7.805524862,8.243646409
"40","2021","2021-07-21","강원","3,243",0.14,0.47,"강원도",314,922,2891,0.36735597,6.321546961,5.957692308,1.822099448,4.72320442,8.339779006,8.754696133
"41","2021","2021-07-20","강원","3,375",0.09,0.3,"강원도",314,922,2891,0.36735597,6.495027624,6.07254902,1.816022099,4.759668508,8.535359116,8.920994475
"42","2021","2021-07-17","강원","8,750",0.02,0.18,"강원도",314,922,2891,0.36735597,6.86961326,6.314285714,1.808839779,4.832596685,8.958563536,9.380662983
"43","2021","2021-07-16","강원","9,000",0.03,0.27,"강원도",314,922,2891,0.36735597,6.988950276,7.008,1.815469613,4.79281768,9.077900552,9.51878453
"44","2021","2021-07-15","강원","3,430",0.11,0.38,"강원도",314,922,2891,0.36735597,7.124309392,7.02745098,1.839226519,4.763535912,9.202762431,9.664088398
"45","2021","2021-07-14","강원","3,281",0.06,0.18,"강원도",314,922,2891,0.36735597,7.266850829,6.901923077,1.836464088,4.751933702,9.349723757,9.814364641
"46","2021","2021-07-13","강원","3,385",0.1,0.33,"강원도",314,922,2891,0.36735597,7.415469613,6.901923077,1.828176796,4.739226519,9.498895028,9.960773481
"47","2021","2021-07-08","강원","4,700",0.04,0.19,"강원도",314,922,2891,0.36735597,8.020441989,8.694642857,1.79558011,4.591160221,10.12486188,10.62872928
"48","2021","2021-07-08","강원","3,375",0.04,0.13,"강원도",314,922,2891,0.36735597,8.020441989,8.694642857,1.79558011,4.591160221,10.12486188,10.62872928
"49","2021","2021-07-07","강원","6,200",0.001,0.006,"강원도",314,922,2891,0.36735597,8.170718232,9.866071429,1.797237569,4.549723757,10.26464088,10.76685083
"50","2021","2021-07-07","강원","2,888",0.02,0.07,"강원도",314,922,2891,0.36735597,8.170718232,9.866071429,1.797237569,4.549723757,10.26464088,10.76685083
"51","2021","2021-07-06","강원","7,880",0.001,0.008,"강원도",314,922,2891,0.36735597,8.317679558,10.07894737,1.775138122,4.507734807,10.40110497,10.90165746
"52","2021","2021-07-06","강원","2,148",0.13,0.27,"강원도",314,922,2891,0.36735597,8.317679558,10.07894737,1.775138122,4.507734807,10.40110497,10.90165746
"53","2021","2021-07-06","강원","3,019",0.08,0.24,"강원도",314,922,2891,0.36735597,8.317679558,10.07894737,1.775138122,4.507734807,10.40110497,10.90165746
"54","2021","2021-07-03","강원","3,375",0.08,0.27,"강원도",314,922,2891,0.36735597,8.737569061,12.2,1.790055249,4.471823204,10.82486188,11.30607735
"55","2021","2021-07-02","강원","2,500",0.004,0.01,"강원도",314,922,2891,0.36735597,8.919889503,12.16271186,1.779005525,4.441436464,10.98563536,11.45027624
"56","2021","2021-07-02","강원","3,384",0.06,0.22,"강원도",314,922,2891,0.36735597,8.919889503,12.16271186,1.779005525,4.441436464,10.98563536,11.45027624
"57","2021","2021-07-01","강원","1,600",0.08,0.13,"강원도",314,922,2891,0.36735597,9.07679558,12.10338983,1.760220994,4.471270718,11.15027624,11.59337017
"58","2021","2021-07-01","강원","15,000",0.01,0.18,"강원도",314,922,2891,0.36735597,9.07679558,12.10338983,1.760220994,4.471270718,11.15027624,11.59337017
"59","2021","2021-07-01","강원","3,544",0.008,0.03,"강원도",314,922,2891,0.36735597,9.07679558,12.10338983,1.760220994,4.471270718,11.15027624,11.59337017
"60","2021","2021-06-30","강원","3,273",0.26,0.84,"강원도",314,922,2891,0.36735597,9.196685083,12.15166667,1.759116022,4.451381215,11.28508287,11.72596685
"61","2021","2021-06-26","강원","15,750",0.01,0.17,"강원도",314,922,2891,0.36735597,9.609944751,12.6031746,1.737016575,4.444751381,11.75082873,12.24143646
"62","2021","2021-06-26","강원","5,314",0.01,0.07,"강원도",314,922,2891,0.36735597,9.609944751,12.6031746,1.737016575,4.444751381,11.75082873,12.24143646
"63","2021","2021-06-26","강원","3,256",0.16,0.52,"강원도",314,922,2891,0.36735597,9.609944751,12.6031746,1.737016575,4.444751381,11.75082873,12.24143646
"64","2021","2021-06-25","강원","7,000",0.01,0.07,"강원도",314,922,2891,0.36735597,9.7,12.7015873,1.738674033,4.43480663,11.84861878,12.36685083
"65","2021","2021-06-25","강원","3,166",0.11,0.35,"강원도",314,922,2891,0.36735597,9.7,12.7015873,1.738674033,4.43480663,11.84861878,12.36685083
"66","2021","2021-06-24","강원","7,000",0.01,0.07,"강원도",314,922,2891,0.36735597,9.816574586,12.90634921,1.745303867,4.424309392,11.97292818,12.49392265
"67","2021","2021-06-24","강원","6,500",0.004,0.03,"강원도",314,922,2891,0.36735597,9.816574586,12.90634921,1.745303867,4.424309392,11.97292818,12.49392265
"68","2021","2021-06-24","강원","5,615",0.05,0.29,"강원도",314,922,2891,0.36735597,9.816574586,12.90634921,1.745303867,4.424309392,11.97292818,12.49392265
"69","2021","2021-06-23","강원","7,250",0.002,0.01,"강원도",314,922,2891,0.36735597,9.966298343,13.2515625,1.748066298,4.388950276,12.12762431,12.63425414
"70","2021","2021-06-23","강원","13,230",0.02,0.2,"강원도",314,922,2891,0.36735597,9.966298343,13.2515625,1.748066298,4.388950276,12.12762431,12.63425414
"71","2021","2021-06-23","강원","5,289",0.02,0.1,"강원도",314,922,2891,0.36735597,9.966298343,13.2515625,1.748066298,4.388950276,12.12762431,12.63425414
"72","2021","2021-06-23","강원","3,413",0.008,0.03,"강원도",314,922,2891,0.36735597,9.966298343,13.2515625,1.748066298,4.388950276,12.12762431,12.63425414
"73","2021","2021-06-22","강원","8,400",0.001,0.008,"강원도",314,922,2891,0.36735597,10.14530387,13.05538462,1.748066298,4.354696133,12.2878453,12.78618785
"74","2021","2021-06-22","강원","7,600",0.01,0.09,"강원도",314,922,2891,0.36735597,10.14530387,13.05538462,1.748066298,4.354696133,12.2878453,12.78618785
"75","2021","2021-06-22","강원","5,404",0.05,0.24,"강원도",314,922,2891,0.36735597,10.14530387,13.05538462,1.748066298,4.354696133,12.2878453,12.78618785
"76","2021","2021-06-22","강원","3,220",0.06,0.18,"강원도",314,922,2891,0.36735597,10.14530387,13.05538462,1.748066298,4.354696133,12.2878453,12.78618785
"77","2021","2021-06-22","강원","3,500",0.02,0.08,"강원도",314,922,2891,0.36735597,10.14530387,13.05538462,1.748066298,4.354696133,12.2878453,12.78618785
"78","2021","2021-06-21","강원","14,922",0.03,0.4,"강원도",314,922,2891,0.36735597,10.31160221,13.2,1.732596685,4.412707182,12.46906077,12.95082873
"79","2021","2021-06-21","강원","2,100",0.05,0.11,"강원도",314,922,2891,0.36735597,10.31160221,13.2,1.732596685,4.412707182,12.46906077,12.95082873
"80","2021","2021-06-21","강원","5,972",0.11,0.68,"강원도",314,922,2891,0.36735597,10.31160221,13.2,1.732596685,4.412707182,12.46906077,12.95082873
"81","2021","2021-06-21","강원","3,294",0.08,0.26,"강원도",314,922,2891,0.36735597,10.31160221,13.2,1.732596685,4.412707182,12.46906077,12.95082873
"82","2021","2021-06-19","강원","8,400",0.001,0.008,"강원도",314,922,2891,0.36735597,10.6160221,13.434375,1.732596685,4.367955801,12.78121547,13.24530387
"83","2021","2021-06-19","강원","14,700",0.02,0.25,"강원도",314,922,2891,0.36735597,10.6160221,13.434375,1.732596685,4.367955801,12.78121547,13.24530387
"84","2021","2021-06-19","강원","3,269",0.18,0.58,"강원도",314,922,2891,0.36735597,10.6160221,13.434375,1.732596685,4.367955801,12.78121547,13.24530387
"85","2021","2021-06-18","강원","3,109",0.07,0.22,"강원도",314,922,2891,0.36735597,10.72983425,13.64444444,1.721546961,4.40718232,12.92983425,13.4
"86","2021","2021-06-17","강원","8,000",0.002,0.02,"강원도",314,922,2891,0.36735597,10.85690608,13.64444444,1.72320442,4.424861878,13.08839779,13.55248619
"87","2021","2021-06-17","강원","15,150",0.01,0.21,"강원도",314,922,2891,0.36735597,10.85690608,13.64444444,1.72320442,4.424861878,13.08839779,13.55248619
"88","2021","2021-06-17","강원","3,134",0.03,0.1,"강원도",314,922,2891,0.36735597,10.85690608,13.64444444,1.72320442,4.424861878,13.08839779,13.55248619
"89","2021","2021-06-16","강원","6,630",0.22,1.49,"강원도",314,922,2891,0.36735597,10.96464088,13.64444444,1.711049724,4.459116022,13.21878453,13.69502762
"90","2021","2021-06-16","강원","4,418",0.03,0.12,"강원도",314,922,2891,0.36735597,10.96464088,13.64444444,1.711049724,4.459116022,13.21878453,13.69502762
"91","2021","2021-06-16","강원","3,250",0.19,0.62,"강원도",314,922,2891,0.36735597,10.96464088,13.64444444,1.711049724,4.459116022,13.21878453,13.69502762
"92","2021","2021-06-15","강원","7,400",0.01,0.07,"강원도",314,922,2891,0.36735597,11.10773481,13.63015873,1.703867403,4.450276243,13.37679558,13.84198895
"93","2021","2021-06-15","강원","2,800",0.01,0.03,"강원도",314,922,2891,0.36735597,11.10773481,13.63015873,1.703867403,4.450276243,13.37679558,13.84198895
"94","2021","2021-06-15","강원","9,500",0.02,0.15,"강원도",314,922,2891,0.36735597,11.10773481,13.63015873,1.703867403,4.450276243,13.37679558,13.84198895
"95","2021","2021-06-14","강원","4,061",0.04,0.15,"강원도",314,922,2891,0.36735597,11.26740331,13.628125,1.709392265,4.450828729,13.54254144,13.97955801
"96","2021","2021-06-14","강원","3,386",0.04,0.14,"강원도",314,922,2891,0.36735597,11.26740331,13.628125,1.709392265,4.450828729,13.54254144,13.97955801
"97","2021","2021-06-12","강원","14,500",0.05,0.73,"강원도",314,922,2891,0.36735597,11.60773481,14.02575758,1.697790055,4.393370166,13.89281768,14.2801105
"98","2021","2021-06-12","강원","3,125",0.1,0.3,"강원도",314,922,2891,0.36735597,11.60773481,14.02575758,1.697790055,4.393370166,13.89281768,14.2801105
"99","2021","2021-06-11","강원","8,500",0.001,0.008,"강원도",314,922,2891,0.36735597,11.80994475,14.02575758,1.686740331,4.383425414,14.09944751,14.44917127
"100","2021","2021-06-11","강원","5,525",0.004,0.02,"강원도",314,922,2891,0.36735597,11.80994475,14.02575758,1.686740331,4.383425414,14.09944751,14.44917127
"101","2021","2021-06-11","강원","4,107",0.02,0.06,"강원도",314,922,2891,0.36735597,11.80994475,14.02575758,1.686740331,4.383425414,14.09944751,14.44917127
"102","2021","2021-06-11","강원","3,250",0.08,0.26,"강원도",314,922,2891,0.36735597,11.80994475,14.02575758,1.686740331,4.383425414,14.09944751,14.44917127
"103","2021","2021-06-10","강원","3,413",0.008,0.03,"강원도",314,922,2891,0.36735597,12.01160221,14.06060606,1.662430939,4.36961326,14.28508287,14.60994475
"104","2021","2021-06-09","강원","3,462",0.03,0.09,"강원도",314,922,2891,0.36735597,12.19779006,14.05,1.659116022,4.372928177,14.50718232,14.7878453
"105","2021","2021-06-09","강원","15,750",0.01,0.2,"강원도",314,922,2891,0.36735597,12.19779006,14.05,1.659116022,4.372928177,14.50718232,14.7878453
"106","2021","2021-06-09","강원","2,100",0.2,0.42,"강원도",314,922,2891,0.36735597,12.19779006,14.05,1.659116022,4.372928177,14.50718232,14.7878453
"107","2021","2021-06-09","강원","4,314",0.007,0.03,"강원도",314,922,2891,0.36735597,12.19779006,14.05,1.659116022,4.372928177,14.50718232,14.7878453
"108","2021","2021-06-09","강원","3,305",0.06,0.21,"강원도",314,922,2891,0.36735597,12.19779006,14.05,1.659116022,4.372928177,14.50718232,14.7878453
"109","2021","2021-06-08","강원","6,980",0.001,0.007,"강원도",314,922,2891,0.36735597,12.35690608,14.05,1.650828729,4.374585635,14.68176796,14.94751381
"110","2021","2021-06-08","강원","17,150",0.01,0.21,"강원도",314,922,2891,0.36735597,12.35690608,14.05,1.650828729,4.374585635,14.68176796,14.94751381
"111","2021","2021-06-08","강원","7,200",0.004,0.03,"강원도",314,922,2891,0.36735597,12.35690608,14.05,1.650828729,4.374585635,14.68176796,14.94751381
"112","2021","2021-06-08","강원","2,100",0.1,0.21,"강원도",314,922,2891,0.36735597,12.35690608,14.05,1.650828729,4.374585635,14.68176796,14.94751381
"113","2021","2021-06-08","강원","3,687",0.07,0.26,"강원도",314,922,2891,0.36735597,12.35690608,14.05,1.650828729,4.374585635,14.68176796,14.94751381
"114","2021","2021-06-08","강원","3,469",0.06,0.19,"강원도",314,922,2891,0.36735597,12.35690608,14.05,1.650828729,4.374585635,14.68176796,14.94751381
"115","2021","2021-06-07","강원","8,750",1.8,15.75,"강원도",314,922,2891,0.36735597,12.50607735,14.05,1.650276243,4.375690608,14.85027624,15.10552486
"116","2021","2021-06-07","강원","6,564",0.01,0.07,"강원도",314,922,2891,0.36735597,12.50607735,14.05,1.650276243,4.375690608,14.85027624,15.10552486
"117","2021","2021-06-07","강원","1,200",0.03,0.03,"강원도",314,922,2891,0.36735597,12.50607735,14.05,1.650276243,4.375690608,14.85027624,15.10552486
"118","2021","2021-06-07","강원","15,610",0.02,0.23,"강원도",314,922,2891,0.36735597,12.50607735,14.05,1.650276243,4.375690608,14.85027624,15.10552486
"119","2021","2021-06-07","강원","4,044",0.04,0.17,"강원도",314,922,2891,0.36735597,12.50607735,14.05,1.650276243,4.375690608,14.85027624,15.10552486
"120","2021","2021-06-07","강원","3,019",0.1,0.29,"강원도",314,922,2891,0.36735597,12.50607735,14.05,1.650276243,4.375690608,14.85027624,15.10552486
"121","2021","2021-06-05","강원","7,550",0.001,0.008,"강원도",314,922,2891,0.36735597,12.8121547,14.05,1.631491713,4.401104972,15.20994475,15.42099448
"122","2021","2021-06-05","강원","1,900",0.03,0.05,"강원도",314,922,2891,0.36735597,12.8121547,14.05,1.631491713,4.401104972,15.20994475,15.42099448
"123","2021","2021-06-05","강원","7,200",0.008,0.06,"강원도",314,922,2891,0.36735597,12.8121547,14.05,1.631491713,4.401104972,15.20994475,15.42099448
"124","2021","2021-06-05","강원","3,260",0.17,0.55,"강원도",314,922,2891,0.36735597,12.8121547,14.05,1.631491713,4.401104972,15.20994475,15.42099448
"125","2021","2021-06-04","강원","7,500",0.003,0.02,"강원도",314,922,2891,0.36735597,12.96022099,13.85522388,1.625966851,4.412707182,15.37679558,15.57127072
"126","2021","2021-06-04","강원","5,230",0.04,0.21,"강원도",314,922,2891,0.36735597,12.96022099,13.85522388,1.625966851,4.412707182,15.37679558,15.57127072
"127","2021","2021-06-04","강원","3,332",0.08,0.27,"강원도",314,922,2891,0.36735597,12.96022099,13.85522388,1.625966851,4.412707182,15.37679558,15.57127072
"128","2021","2021-06-03","강원","1,760",0.02,0.04,"강원도",314,922,2891,0.36735597,13.13038674,13.65882353,1.619889503,4.4,15.54861878,15.71381215
"129","2021","2021-06-03","강원","2,590",0.15,0.39,"강원도",314,922,2891,0.36735597,13.13038674,13.65882353,1.619889503,4.4,15.54861878,15.71381215
"130","2021","2021-06-03","강원","4,873",0.06,0.29,"강원도",314,922,2891,0.36735597,13.13038674,13.65882353,1.619889503,4.4,15.54861878,15.71381215
"131","2021","2021-06-03","강원","3,544",0.08,0.28,"강원도",314,922,2891,0.36735597,13.13038674,13.65882353,1.619889503,4.4,15.54861878,15.71381215
"132","2021","2021-06-02","강원","7,750",0.02,0.16,"강원도",314,922,2891,0.36735597,13.30110497,13.65882353,1.597790055,4.401657459,15.71491713,15.84917127
"133","2021","2021-06-02","강원","15,750",0.01,0.19,"강원도",314,922,2891,0.36735597,13.30110497,13.65882353,1.597790055,4.401657459,15.71491713,15.84917127
"134","2021","2021-06-02","강원","5,487",0.04,0.21,"강원도",314,922,2891,0.36735597,13.30110497,13.65882353,1.597790055,4.401657459,15.71491713,15.84917127
"135","2021","2021-06-02","강원","3,729",0.07,0.26,"강원도",314,922,2891,0.36735597,13.30110497,13.65882353,1.597790055,4.401657459,15.71491713,15.84917127
"136","2021","2021-06-02","강원","3,500",0.02,0.08,"강원도",314,922,2891,0.36735597,13.30110497,13.65882353,1.597790055,4.401657459,15.71491713,15.84917127
"137","2021","2021-06-01","강원","6,100",0.02,0.11,"강원도",314,922,2891,0.36735597,13.40331492,13.47536232,1.593370166,4.392265193,15.83646409,15.96298343
"138","2021","2021-06-01","강원","9,000",0.02,0.14,"강원도",314,922,2891,0.36735597,13.40331492,13.47536232,1.593370166,4.392265193,15.83646409,15.96298343
"139","2021","2021-06-01","강원","1,100",0.02,0.02,"강원도",314,922,2891,0.36735597,13.40331492,13.47536232,1.593370166,4.392265193,15.83646409,15.96298343
"140","2021","2021-06-01","강원","5,886",0.05,0.29,"강원도",314,922,2891,0.36735597,13.40331492,13.47536232,1.593370166,4.392265193,15.83646409,15.96298343
"141","2021","2021-06-01","강원","3,250",0.1,0.34,"강원도",314,922,2891,0.36735597,13.40331492,13.47536232,1.593370166,4.392265193,15.83646409,15.96298343
"142","2021","2021-05-31","강원","7,560",2.3,17.4,"강원도",314,922,2891,0.36735597,13.50441989,13.65428571,1.600552486,4.360220994,15.93480663,16.07900552
"143","2021","2021-05-31","강원","6,667",0.03,0.2,"강원도",314,922,2891,0.36735597,13.50441989,13.65428571,1.600552486,4.360220994,15.93480663,16.07900552
"144","2021","2021-05-31","강원","9,116",0.04,0.35,"강원도",314,922,2891,0.36735597,13.50441989,13.65428571,1.600552486,4.360220994,15.93480663,16.07900552
"145","2021","2021-05-28","강원","8,783",0.006,0.05,"강원도",314,922,2891,0.36735597,13.88121547,13.20684932,1.589502762,4.349723757,16.35911602,16.4801105
"146","2021","2021-05-28","강원","14,560",0.02,0.22,"강원도",314,922,2891,0.36735597,13.88121547,13.20684932,1.589502762,4.349723757,16.35911602,16.4801105
"147","2021","2021-05-28","강원","6,238",0.02,0.13,"강원도",314,922,2891,0.36735597,13.88121547,13.20684932,1.589502762,4.349723757,16.35911602,16.4801105
"148","2021","2021-05-27","강원","3,367",0.1,0.32,"강원도",314,922,2891,0.36735597,13.97900552,13.03513514,1.574585635,4.323756906,16.46740331,16.59889503
"149","2021","2021-05-26","강원","5,667",0.15,0.85,"강원도",314,922,2891,0.36735597,14.09171271,12.90133333,1.566850829,4.31878453,16.60055249,16.72707182
"150","2021","2021-05-26","강원","14,700",0.01,0.18,"강원도",314,922,2891,0.36735597,14.09171271,12.90133333,1.566850829,4.31878453,16.60055249,16.72707182
"151","2021","2021-05-26","강원","2,800",0.6,1.68,"강원도",314,922,2891,0.36735597,14.09171271,12.90133333,1.566850829,4.31878453,16.60055249,16.72707182
"152","2021","2021-05-26","강원","3,100",0.03,0.09,"강원도",314,922,2891,0.36735597,14.09171271,12.90133333,1.566850829,4.31878453,16.60055249,16.72707182
"153","2021","2021-05-26","강원","3,413",0.008,0.03,"강원도",314,922,2891,0.36735597,14.09171271,12.90133333,1.566850829,4.31878453,16.60055249,16.72707182
"154","2021","2021-05-25","강원","15,330",0.01,0.15,"강원도",314,922,2891,0.36735597,14.22707182,12.85,1.56519337,4.313812155,16.7558011,16.87292818
"155","2021","2021-05-25","강원","3,351",0.06,0.21,"강원도",314,922,2891,0.36735597,14.22707182,12.85,1.56519337,4.313812155,16.7558011,16.87292818
"156","2021","2021-05-24","강원","15,430",0.02,0.31,"강원도",314,922,2891,0.36735597,14.40276243,12.85,1.564088398,4.340883978,16.9801105,17.04696133
"157","2021","2021-05-24","강원","6,200",0.02,0.12,"강원도",314,922,2891,0.36735597,14.40276243,12.85,1.564088398,4.340883978,16.9801105,17.04696133
"158","2021","2021-05-24","강원","7,000",0.1,0.7,"강원도",314,922,2891,0.36735597,14.40276243,12.85,1.564088398,4.340883978,16.9801105,17.04696133
"159","2021","2021-05-24","강원","4,433",0.006,0.03,"강원도",314,922,2891,0.36735597,14.40276243,12.85,1.564088398,4.340883978,16.9801105,17.04696133
"160","2021","2021-05-24","강원","3,300",0.04,0.13,"강원도",314,922,2891,0.36735597,14.40276243,12.85,1.564088398,4.340883978,16.9801105,17.04696133
"161","2021","2021-05-24","강원","2,904",0.008,0.02,"강원도",314,922,2891,0.36735597,14.40276243,12.85,1.564088398,4.340883978,16.9801105,17.04696133
"162","2021","2021-05-24","강원","3,250",0.03,0.1,"강원도",314,922,2891,0.36735597,14.40276243,12.85,1.564088398,4.340883978,16.9801105,17.04696133
"163","2021","2021-05-22","강원","7,800",0.08,0.59,"강원도",314,922,2891,0.36735597,14.76132597,12.85,1.563535912,4.362983425,17.41878453,17.37845304
"164","2021","2021-05-22","강원","13,930",0.02,0.21,"강원도",314,922,2891,0.36735597,14.76132597,12.85,1.563535912,4.362983425,17.41878453,17.37845304
"165","2021","2021-05-22","강원","7,000",0.02,0.14,"강원도",314,922,2891,0.36735597,14.76132597,12.85,1.563535912,4.362983425,17.41878453,17.37845304
"166","2021","2021-05-21","강원","6,250",0.4,2.5,"강원도",314,922,2891,0.36735597,14.90110497,12.72857143,1.557458564,4.39558011,17.60718232,17.52541436
"167","2021","2021-05-21","강원","5,000",0.09,0.45,"강원도",314,922,2891,0.36735597,14.90110497,12.72857143,1.557458564,4.39558011,17.60718232,17.52541436
"168","2021","2021-05-21","강원","14,910",0.02,0.22,"강원도",314,922,2891,0.36735597,14.90110497,12.72857143,1.557458564,4.39558011,17.60718232,17.52541436
"169","2021","2021-05-21","강원","5,000",0.008,0.04,"강원도",314,922,2891,0.36735597,14.90110497,12.72857143,1.557458564,4.39558011,17.60718232,17.52541436
"170","2021","2021-05-21","강원","3,124",0.03,0.1,"강원도",314,922,2891,0.36735597,14.90110497,12.72857143,1.557458564,4.39558011,17.60718232,17.52541436
"171","2021","2021-05-20","강원","8,130",0.001,0.008,"강원도",314,922,2891,0.36735597,15.06850829,12.72857143,1.560773481,4.389502762,17.76850829,17.66353591
"172","2021","2021-05-20","강원","7,986",3.81,30.39,"강원도",314,922,2891,0.36735597,15.06850829,12.72857143,1.560773481,4.389502762,17.76850829,17.66353591
"173","2021","2021-05-20","강원","3,375",0.06,0.19,"강원도",314,922,2891,0.36735597,15.06850829,12.72857143,1.560773481,4.389502762,17.76850829,17.66353591
"174","2021","2021-05-19","강원","6,450",0.05,0.34,"강원도",314,922,2891,0.36735597,15.25027624,12.72857143,1.559668508,4.35801105,17.93314917,17.80441989
"175","2021","2021-05-19","강원","3,019",0.02,0.05,"강원도",314,922,2891,0.36735597,15.25027624,12.72857143,1.559668508,4.35801105,17.93314917,17.80441989
"176","2021","2021-05-18","강원","14,000",0.07,1.02,"강원도",314,922,2891,0.36735597,15.43646409,12.72857143,1.559116022,4.38121547,18.1281768,17.95745856
"177","2021","2021-05-18","강원","3,000",0.1,0.31,"강원도",314,922,2891,0.36735597,15.43646409,12.72857143,1.559116022,4.38121547,18.1281768,17.95745856
"178","2021","2021-05-17","강원","5,117",0.24,1.23,"강원도",314,922,2891,0.36735597,15.60276243,12.72857143,1.555248619,4.406077348,18.31823204,18.10773481
"179","2021","2021-05-17","강원","2,944",0.11,0.33,"강원도",314,922,2891,0.36735597,15.60276243,12.72857143,1.555248619,4.406077348,18.31823204,18.10773481
"180","2021","2021-05-15","강원","8,529",0.07,0.62,"강원도",314,922,2891,0.36735597,15.86574586,12.62597403,1.556906077,4.45359116,18.66961326,18.39944751
"181","2021","2021-05-15","강원","5,800",0.1,0.56,"강원도",314,922,2891,0.36735597,15.86574586,12.62597403,1.556906077,4.45359116,18.66961326,18.39944751
"182","2021","2021-05-14","강원","8,750",0.8,7,"강원도",314,922,2891,0.36735597,15.99116022,12.62597403,1.555248619,4.491712707,18.85027624,18.55082873
"183","2021","2021-05-14","강원","13,500",0.01,0.19,"강원도",314,922,2891,0.36735597,15.99116022,12.62597403,1.555248619,4.491712707,18.85027624,18.55082873
"184","2021","2021-05-14","강원","2,100",0.01,0.02,"강원도",314,922,2891,0.36735597,15.99116022,12.62597403,1.555248619,4.491712707,18.85027624,18.55082873
"185","2021","2021-05-14","강원","3,046",0.03,0.1,"강원도",314,922,2891,0.36735597,15.99116022,12.62597403,1.555248619,4.491712707,18.85027624,18.55082873
"186","2021","2021-05-13","강원","7,002",0.2,1.41,"강원도",314,922,2891,0.36735597,16.10607735,12.62597403,1.551933702,4.475690608,18.98895028,18.68950276
"187","2021","2021-05-13","강원","13,500",0.01,0.19,"강원도",314,922,2891,0.36735597,16.10607735,12.62597403,1.551933702,4.475690608,18.98895028,18.68950276
"188","2021","2021-05-12","강원","15,000",0.03,0.39,"강원도",314,922,2891,0.36735597,16.25745856,12.5025641,1.551933702,4.493370166,19.18453039,18.84696133
"189","2021","2021-05-12","강원","3,000",0.002,0.006,"강원도",314,922,2891,0.36735597,16.25745856,12.5025641,1.551933702,4.493370166,19.18453039,18.84696133
"190","2021","2021-05-12","강원","3,250",0.05,0.16,"강원도",314,922,2891,0.36735597,16.25745856,12.5025641,1.551933702,4.493370166,19.18453039,18.84696133
"191","2021","2021-05-11","강원","8,150",0.002,0.02,"강원도",314,922,2891,0.36735597,16.40939227,12.38227848,1.552486188,4.520441989,19.3839779,19.00552486
"192","2021","2021-05-11","강원","3,000",0.08,0.24,"강원도",314,922,2891,0.36735597,16.40939227,12.38227848,1.552486188,4.520441989,19.3839779,19.00552486
"193","2021","2021-05-10","강원","7,030",0.001,0.007,"강원도",314,922,2891,0.36735597,16.53812155,12.38227848,1.545856354,4.570718232,19.56187845,19.16132597
"194","2021","2021-05-10","강원","3,503",0.16,0.54,"강원도",314,922,2891,0.36735597,16.53812155,12.38227848,1.545856354,4.570718232,19.56187845,19.16132597
"195","2021","2021-05-10","강원","7,000",0.04,0.28,"강원도",314,922,2891,0.36735597,16.53812155,12.38227848,1.545856354,4.570718232,19.56187845,19.16132597
"196","2021","2021-05-10","강원","3,450",0.06,0.19,"강원도",314,922,2891,0.36735597,16.53812155,12.38227848,1.545856354,4.570718232,19.56187845,19.16132597
"197","2021","2021-05-10","강원","3,125",0.03,0.1,"강원도",314,922,2891,0.36735597,16.53812155,12.38227848,1.545856354,4.570718232,19.56187845,19.16132597
"198","2021","2021-05-08","강원","8,750",1.4,12.25,"강원도",314,922,2891,0.36735597,16.78729282,12.38227848,1.543646409,4.61878453,19.92983425,19.45469613
"199","2021","2021-05-08","강원","2,000",0.001,0.002,"강원도",314,922,2891,0.36735597,16.78729282,12.38227848,1.543646409,4.61878453,19.92983425,19.45469613
"200","2021","2021-05-08","강원","14,048",0.03,0.41,"강원도",314,922,2891,0.36735597,16.78729282,12.38227848,1.543646409,4.61878453,19.92983425,19.45469613
"201","2021","2021-05-08","강원","9,400",0.01,0.1,"강원도",314,922,2891,0.36735597,16.78729282,12.38227848,1.543646409,4.61878453,19.92983425,19.45469613
"202","2021","2021-05-08","강원","3,025",0.04,0.12,"강원도",314,922,2891,0.36735597,16.78729282,12.38227848,1.543646409,4.61878453,19.92983425,19.45469613
"203","2021","2021-05-07","강원","8,400",0.001,0.008,"강원도",314,922,2891,0.36735597,16.92209945,12.38227848,1.54640884,4.642541436,20.1121547,19.59668508
"204","2021","2021-05-07","강원","1,783",0.006,0.01,"강원도",314,922,2891,0.36735597,16.92209945,12.38227848,1.54640884,4.642541436,20.1121547,19.59668508
"205","2021","2021-05-07","강원","14,700",0.02,0.31,"강원도",314,922,2891,0.36735597,16.92209945,12.38227848,1.54640884,4.642541436,20.1121547,19.59668508
"206","2021","2021-05-07","강원","3,084",0.008,0.02,"강원도",314,922,2891,0.36735597,16.92209945,12.38227848,1.54640884,4.642541436,20.1121547,19.59668508
"207","2021","2021-05-06","강원","8,750",1.2,10.5,"강원도",314,922,2891,0.36735597,17.0558011,12.38227848,1.549171271,4.667403315,20.2961326,19.73701657
"208","2021","2021-05-06","강원","8,330",0.001,0.008,"강원도",314,922,2891,0.36735597,17.0558011,12.38227848,1.549171271,4.667403315,20.2961326,19.73701657
"209","2021","2021-05-06","강원","3,263",0.1,0.33,"강원도",314,922,2891,0.36735597,17.0558011,12.38227848,1.549171271,4.667403315,20.2961326,19.73701657
"210","2021","2021-05-06","강원","3,050",0.004,0.01,"강원도",314,922,2891,0.36735597,17.0558011,12.38227848,1.549171271,4.667403315,20.2961326,19.73701657
"211","2021","2021-05-06","강원","3,000",0.08,0.24,"강원도",314,922,2891,0.36735597,17.0558011,12.38227848,1.549171271,4.667403315,20.2961326,19.73701657
"212","2021","2021-05-05","강원","3,150",0.13,0.4,"강원도",314,922,2891,0.36735597,17.19116022,12.53076923,1.55801105,4.717127072,20.45745856,19.86850829
"213","2021","2021-05-04","강원","7,683",0.01,0.08,"강원도",314,922,2891,0.36735597,17.31933702,12.53076923,1.566850829,4.749171271,20.61491713,20.00110497
"214","2021","2021-05-04","강원","1,800",0.003,0.005,"강원도",314,922,2891,0.36735597,17.31933702,12.53076923,1.566850829,4.749171271,20.61491713,20.00110497
"215","2021","2021-05-04","강원","5,700",0.007,0.04,"강원도",314,922,2891,0.36735597,17.31933702,12.53076923,1.566850829,4.749171271,20.61491713,20.00110497
"216","2021","2021-05-03","강원","8,750",1.8,15.75,"강원도",314,922,2891,0.36735597,17.4320442,12.53076923,1.571270718,4.751381215,20.73867403,20.10994475
"217","2021","2021-05-03","강원","9,200",0.03,0.23,"강원도",314,922,2891,0.36735597,17.4320442,12.53076923,1.571270718,4.751381215,20.73867403,20.10994475
"218","2021","2021-05-03","강원","3,273",0.2,0.65,"강원도",314,922,2891,0.36735597,17.4320442,12.53076923,1.571270718,4.751381215,20.73867403,20.10994475
"219","2021","2021-05-01","강원","8,750",1.7,14.88,"강원도",314,922,2891,0.36735597,17.65690608,12.3721519,1.567403315,4.793370166,21.01381215,20.33922652
"220","2021","2021-05-01","강원","7,400",0.25,1.85,"강원도",314,922,2891,0.36735597,17.65690608,12.3721519,1.567403315,4.793370166,21.01381215,20.33922652
"221","2021","2021-05-01","강원","1,525",0.03,0.05,"강원도",314,922,2891,0.36735597,17.65690608,12.3721519,1.567403315,4.793370166,21.01381215,20.33922652
"222","2021","2021-05-01","강원","13,950",0.02,0.33,"강원도",314,922,2891,0.36735597,17.65690608,12.3721519,1.567403315,4.793370166,21.01381215,20.33922652
"223","2021","2021-05-01","강원","8,834",0.05,0.47,"강원도",314,922,2891,0.36735597,17.65690608,12.3721519,1.567403315,4.793370166,21.01381215,20.33922652
"224","2021","2021-05-01","강원","3,250",0.1,0.31,"강원도",314,922,2891,0.36735597,17.65690608,12.3721519,1.567403315,4.793370166,21.01381215,20.33922652
"225","2021","2021-04-30","강원","7,601",3.64,27.66,"강원도",314,922,2891,0.36735597,17.74033149,12.3721519,1.561325967,4.819337017,21.13038674,20.43259669
"226","2021","2021-04-30","강원","2,570",0.01,0.03,"강원도",314,922,2891,0.36735597,17.74033149,12.3721519,1.561325967,4.819337017,21.13038674,20.43259669
"227","2021","2021-04-30","강원","3,014",0.1,0.29,"강원도",314,922,2891,0.36735597,17.74033149,12.3721519,1.561325967,4.819337017,21.13038674,20.43259669
"228","2021","2021-04-29","강원","1,622",0.04,0.06,"강원도",314,922,2891,0.36735597,17.81436464,12.22125,1.56519337,4.826519337,21.21878453,20.5198895
"229","2021","2021-04-29","강원","14,700",0.01,0.15,"강원도",314,922,2891,0.36735597,17.81436464,12.22125,1.56519337,4.826519337,21.21878453,20.5198895
"230","2021","2021-04-29","강원","3,131",0.11,0.35,"강원도",314,922,2891,0.36735597,17.81436464,12.22125,1.56519337,4.826519337,21.21878453,20.5198895
"231","2021","2021-04-24","강원","1,000",0.004,0.004,"강원도",314,922,2891,0.36735597,18.19502762,12.15061728,1.567403315,4.897237569,21.6160221,20.90165746
"232","2021","2021-04-24","강원","14,700",0.003,0.04,"강원도",314,922,2891,0.36735597,18.19502762,12.15061728,1.567403315,4.897237569,21.6160221,20.90165746
"233","2021","2021-04-24","강원","2,850",0.004,0.01,"강원도",314,922,2891,0.36735597,18.19502762,12.15061728,1.567403315,4.897237569,21.6160221,20.90165746
"234","2021","2021-04-24","강원","3,386",0.08,0.27,"강원도",314,922,2891,0.36735597,18.19502762,12.15061728,1.567403315,4.897237569,21.6160221,20.90165746
"235","2021","2021-04-23","강원","3,544",0.02,0.06,"강원도",314,922,2891,0.36735597,18.26850829,12.00365854,1.555801105,4.949171271,21.69226519,20.96243094
"236","2021","2021-04-22","강원","7,500",0.01,0.08,"강원도",314,922,2891,0.36735597,18.27016575,11.65,1.537569061,4.98121547,21.71657459,20.98563536
"237","2021","2021-04-22","강원","3,600",0.003,0.01,"강원도",314,922,2891,0.36735597,18.27016575,11.65,1.537569061,4.98121547,21.71657459,20.98563536
"238","2021","2021-04-22","강원","4,000",0.02,0.06,"강원도",314,922,2891,0.36735597,18.27016575,11.65,1.537569061,4.98121547,21.71657459,20.98563536
"239","2021","2021-04-22","강원","3,375",0.16,0.54,"강원도",314,922,2891,0.36735597,18.27016575,11.65,1.537569061,4.98121547,21.71657459,20.98563536
"240","2021","2021-04-20","강원","3,171",0.05,0.15,"강원도",314,922,2891,0.36735597,18.25690608,11.87875,1.537016575,5.013259669,21.75635359,21.02707182
"241","2021","2021-04-19","강원","3,519",0.15,0.53,"강원도",314,922,2891,0.36735597,18.27292818,11.94197531,1.539226519,4.988950276,21.79281768,21.06574586
"242","2021","2021-04-17","강원","1,630",0.04,0.06,"강원도",314,922,2891,0.36735597,18.40552486,12.08902439,1.541436464,5.007734807,21.93535912,21.19668508
"243","2021","2021-04-17","강원","2,734",0.04,0.1,"강원도",314,922,2891,0.36735597,18.40552486,12.08902439,1.541436464,5.007734807,21.93535912,21.19668508
"244","2021","2021-04-17","강원","3,500",0.08,0.28,"강원도",314,922,2891,0.36735597,18.40552486,12.08902439,1.541436464,5.007734807,21.93535912,21.19668508
"245","2021","2021-04-16","강원","7,608",3.9,29.69,"강원도",314,922,2891,0.36735597,18.46077348,11.94939759,1.542541436,4.975690608,21.98895028,21.24530387
"246","2021","2021-04-16","강원","1,794",0.04,0.06,"강원도",314,922,2891,0.36735597,18.46077348,11.94939759,1.542541436,4.975690608,21.98895028,21.24530387
"247","2021","2021-04-16","강원","3,750",0.05,0.18,"강원도",314,922,2891,0.36735597,18.46077348,11.94939759,1.542541436,4.975690608,21.98895028,21.24530387
"248","2021","2021-04-15","강원","3,859",0.08,0.31,"강원도",314,922,2891,0.36735597,18.50607735,12.03928571,1.54198895,4.934254144,22.02651934,21.29060773
"249","2021","2021-04-14","강원","6,820",0.64,4.37,"강원도",314,922,2891,0.36735597,18.57458564,12.03928571,1.545303867,4.942541436,22.09060773,21.35138122
"250","2021","2021-04-14","강원","3,625",0.06,0.2,"강원도",314,922,2891,0.36735597,18.57458564,12.03928571,1.545303867,4.942541436,22.09060773,21.35138122
"251","2021","2021-04-13","강원","3,750",0.06,0.24,"강원도",314,922,2891,0.36735597,18.63535912,12.03928571,1.552486188,4.960773481,22.15138122,21.40607735
"252","2021","2021-04-12","강원","8,200",1.1,9.02,"강원도",314,922,2891,0.36735597,18.69558011,11.91529412,1.564640884,4.972928177,22.19779006,21.45359116
"253","2021","2021-04-12","강원","8,986",0.02,0.16,"강원도",314,922,2891,0.36735597,18.69558011,11.91529412,1.564640884,4.972928177,22.19779006,21.45359116
"254","2021","2021-04-12","강원","4,630",0.001,0.005,"강원도",314,922,2891,0.36735597,18.69558011,11.91529412,1.564640884,4.972928177,22.19779006,21.45359116
"255","2021","2021-04-12","강원","1,659",0.03,0.05,"강원도",314,922,2891,0.36735597,18.69558011,11.91529412,1.564640884,4.972928177,22.19779006,21.45359116
"256","2021","2021-04-12","강원","3,768",0.08,0.3,"강원도",314,922,2891,0.36735597,18.69558011,11.91529412,1.564640884,4.972928177,22.19779006,21.45359116
"257","2021","2021-04-10","강원","7,127",0.01,0.08,"강원도",314,922,2891,0.36735597,18.74530387,11.77790698,1.556353591,4.956906077,22.25303867,21.50773481
"258","2021","2021-04-10","강원","4,054",0.008,0.03,"강원도",314,922,2891,0.36735597,18.74530387,11.77790698,1.556353591,4.956906077,22.25303867,21.50773481
"259","2021","2021-04-09","강원","8,500",0.008,0.07,"강원도",314,922,2891,0.36735597,18.76022099,12.01609195,1.549171271,4.937016575,22.27071823,21.53701657
"260","2021","2021-04-09","강원","4,000",0.03,0.11,"강원도",314,922,2891,0.36735597,18.76022099,12.01609195,1.549171271,4.937016575,22.27071823,21.53701657
"261","2021","2021-04-09","강원","3,731",0.06,0.24,"강원도",314,922,2891,0.36735597,18.76022099,12.01609195,1.549171271,4.937016575,22.27071823,21.53701657
"262","2021","2021-04-08","강원","8,200",1.06,8.69,"강원도",314,922,2891,0.36735597,18.82265193,11.88522727,1.552486188,4.944198895,22.35303867,21.60773481
"263","2021","2021-04-08","강원","1,429",0.01,0.02,"강원도",314,922,2891,0.36735597,18.82265193,11.88522727,1.552486188,4.944198895,22.35303867,21.60773481
"264","2021","2021-04-08","강원","3,749",0.05,0.18,"강원도",314,922,2891,0.36735597,18.82265193,11.88522727,1.552486188,4.944198895,22.35303867,21.60773481
"265","2021","2021-04-07","강원","7,880",0.002,0.02,"강원도",314,922,2891,0.36735597,18.89171271,11.88522727,1.550276243,4.955248619,22.43038674,21.66906077
"266","2021","2021-04-07","강원","6,776",0.38,2.57,"강원도",314,922,2891,0.36735597,18.89171271,11.88522727,1.550276243,4.955248619,22.43038674,21.66906077
"267","2021","2021-04-07","강원","3,938",0.07,0.28,"강원도",314,922,2891,0.36735597,18.89171271,11.88522727,1.550276243,4.955248619,22.43038674,21.66906077
"268","2021","2021-04-06","강원","5,200",0.007,0.04,"강원도",314,922,2891,0.36735597,18.95469613,12.02183908,1.535911602,4.96519337,22.49337017,21.72707182
"269","2021","2021-04-06","강원","4,500",0.04,0.18,"강원도",314,922,2891,0.36735597,18.95469613,12.02183908,1.535911602,4.96519337,22.49337017,21.72707182
"270","2021","2021-04-06","강원","3,750",0.06,0.21,"강원도",314,922,2891,0.36735597,18.95469613,12.02183908,1.535911602,4.96519337,22.49337017,21.72707182
"271","2021","2021-04-05","강원","6,072",0.02,0.14,"강원도",314,922,2891,0.36735597,18.99005525,11.90227273,1.535359116,4.942541436,22.52265193,21.75856354
"272","2021","2021-04-05","강원","4,060",0.008,0.03,"강원도",314,922,2891,0.36735597,18.99005525,11.90227273,1.535359116,4.942541436,22.52265193,21.75856354
"273","2021","2021-04-05","강원","3,750",0.08,0.3,"강원도",314,922,2891,0.36735597,18.99005525,11.90227273,1.535359116,4.942541436,22.52265193,21.75856354
"274","2021","2021-04-03","강원","8,200",0.9,7.38,"강원도",314,922,2891,0.36735597,19.08176796,11.89659091,1.535911602,4.964640884,22.6198895,21.84475138
"275","2021","2021-04-03","강원","6,195",0.04,0.25,"강원도",314,922,2891,0.36735597,19.08176796,11.89659091,1.535911602,4.964640884,22.6198895,21.84475138
"276","2021","2021-04-03","강원","4,300",0.03,0.14,"강원도",314,922,2891,0.36735597,19.08176796,11.89659091,1.535911602,4.964640884,22.6198895,21.84475138
"277","2021","2021-04-02","강원","6,195",0.02,0.12,"강원도",314,922,2891,0.36735597,19.15138122,11.89659091,1.540331492,4.939226519,22.66740331,21.89060773
"278","2021","2021-04-02","강원","1,614",0.02,0.04,"강원도",314,922,2891,0.36735597,19.15138122,11.89659091,1.540331492,4.939226519,22.66740331,21.89060773
"279","2021","2021-04-01","강원","8,200",1.1,9.02,"강원도",314,922,2891,0.36735597,19.22928177,11.89659091,1.550276243,4.948066298,22.72762431,21.93812155
"280","2021","2021-04-01","강원","7,092",0.29,2.02,"강원도",314,922,2891,0.36735597,19.22928177,11.89659091,1.550276243,4.948066298,22.72762431,21.93812155
"281","2021","2021-04-01","강원","1,933",0.02,0.03,"강원도",314,922,2891,0.36735597,19.22928177,11.89659091,1.550276243,4.948066298,22.72762431,21.93812155
"282","2021","2021-03-31","강원","8,620",0.002,0.02,"강원도",314,922,2891,0.36735597,19.26353591,11.89659091,1.560220994,4.973480663,22.75911602,21.95690608
"283","2021","2021-03-31","강원","7,601",4.65,35.35,"강원도",314,922,2891,0.36735597,19.26353591,11.89659091,1.560220994,4.973480663,22.75911602,21.95690608
"284","2021","2021-03-31","강원","1,498",0.08,0.13,"강원도",314,922,2891,0.36735597,19.26353591,11.89659091,1.560220994,4.973480663,22.75911602,21.95690608
"285","2021","2021-03-30","강원","7,370",0.001,0.007,"강원도",314,922,2891,0.36735597,19.28839779,11.89659091,1.566850829,4.993922652,22.78232044,21.97237569
"286","2021","2021-03-30","강원","3,782",0.09,0.33,"강원도",314,922,2891,0.36735597,19.28839779,11.89659091,1.566850829,4.993922652,22.78232044,21.97237569
"287","2021","2021-03-29","강원","7,230",0.001,0.007,"강원도",314,922,2891,0.36735597,19.3038674,11.89659091,1.579558011,4.997237569,22.78895028,21.97513812
"288","2021","2021-03-27","강원","1,853",0.03,0.06,"강원도",314,922,2891,0.36735597,19.30828729,11.64555556,1.577900552,4.992265193,22.79502762,21.97458564
"289","2021","2021-03-26","강원","4,331",0.008,0.03,"강원도",314,922,2891,0.36735597,19.34254144,11.64555556,1.606629834,5.002762431,22.79558011,21.97292818
"290","2021","2021-03-25","강원","6,250",1.6,10,"강원도",314,922,2891,0.36735597,19.32762431,11.64555556,1.625414365,5.046961326,22.78618785,21.95469613
"291","2021","2021-03-25","강원","2,600",0.01,0.04,"강원도",314,922,2891,0.36735597,19.32762431,11.64555556,1.625414365,5.046961326,22.78618785,21.95469613
"292","2021","2021-03-25","강원","3,202",0.09,0.29,"강원도",314,922,2891,0.36735597,19.32762431,11.64555556,1.625414365,5.046961326,22.78618785,21.95469613
"293","2021","2021-03-24","강원","6,195",0.02,0.12,"강원도",314,922,2891,0.36735597,19.31270718,11.64555556,1.650276243,5.098895028,22.7801105,21.93977901
"294","2021","2021-03-24","강원","6,474",0.29,1.88,"강원도",314,922,2891,0.36735597,19.31270718,11.64555556,1.650276243,5.098895028,22.7801105,21.93977901
"295","2021","2021-03-24","강원","3,413",0.02,0.05,"강원도",314,922,2891,0.36735597,19.31270718,11.64555556,1.650276243,5.098895028,22.7801105,21.93977901
"296","2021","2021-03-23","강원","7,500",0.001,0.008,"강원도",314,922,2891,0.36735597,19.28342541,11.64555556,1.685635359,5.118232044,22.7320442,21.90055249
"297","2021","2021-03-23","강원","5,413",0.004,0.02,"강원도",314,922,2891,0.36735597,19.28342541,11.64555556,1.685635359,5.118232044,22.7320442,21.90055249
"298","2021","2021-03-22","강원","7,250",0.02,0.15,"강원도",314,922,2891,0.36735597,19.26519337,11.64555556,1.717127072,5.135359116,22.70110497,21.87292818
"299","2021","2021-03-22","강원","2,100",0.02,0.04,"강원도",314,922,2891,0.36735597,19.26519337,11.64555556,1.717127072,5.135359116,22.70110497,21.87292818
"300","2021","2021-03-20","강원","1,632",0.04,0.06,"강원도",314,922,2891,0.36735597,19.26243094,11.50978261,1.733149171,5.072928177,22.65027624,21.82928177
"301","2021","2021-03-19","강원","9,450",0.001,0.009,"강원도",314,922,2891,0.36735597,19.26850829,11.39139785,1.735911602,5.085635359,22.65469613,21.82209945
"302","2021","2021-03-19","강원","7,000",0.4,2.8,"강원도",314,922,2891,0.36735597,19.26850829,11.39139785,1.735911602,5.085635359,22.65469613,21.82209945
"303","2021","2021-03-19","강원","2,125",0.008,0.02,"강원도",314,922,2891,0.36735597,19.26850829,11.39139785,1.735911602,5.085635359,22.65469613,21.82209945
"304","2021","2021-03-19","강원","3,938",0.04,0.16,"강원도",314,922,2891,0.36735597,19.26850829,11.39139785,1.735911602,5.085635359,22.65469613,21.82209945
"305","2021","2021-03-18","강원","2,750",0.02,0.06,"강원도",314,922,2891,0.36735597,19.26685083,11.3287234,1.740331492,5.05359116,22.63370166,21.80552486
"306","2021","2021-03-18","강원","4,905",0.002,0.01,"강원도",314,922,2891,0.36735597,19.26685083,11.3287234,1.740331492,5.05359116,22.63370166,21.80552486
"307","2021","2021-03-17","강원","6,158",0.19,1.17,"강원도",314,922,2891,0.36735597,19.27569061,11.3287234,1.744198895,5.087292818,22.63701657,21.80055249
"308","2021","2021-03-17","강원","4,530",0.005,0.02,"강원도",314,922,2891,0.36735597,19.27569061,11.3287234,1.744198895,5.087292818,22.63701657,21.80055249
"309","2021","2021-03-16","강원","7,296",0.14,0.99,"강원도",314,922,2891,0.36735597,19.2679558,11.3287234,1.74640884,5.101657459,22.61381215,21.77679558
"310","2021","2021-03-16","강원","5,658",0.004,0.02,"강원도",314,922,2891,0.36735597,19.2679558,11.3287234,1.74640884,5.101657459,22.61381215,21.77679558
"311","2021","2021-03-15","강원","7,572",2.86,21.69,"강원도",314,922,2891,0.36735597,19.2359116,11.3287234,1.753038674,5.131491713,22.58618785,21.74143646
"312","2021","2021-03-13","강원","6,195",0.08,0.5,"강원도",314,922,2891,0.36735597,19.15082873,11.32,1.763535912,5.146961326,22.49834254,21.65856354
"313","2021","2021-03-13","강원","2,750",0.01,0.04,"강원도",314,922,2891,0.36735597,19.15082873,11.32,1.763535912,5.146961326,22.49834254,21.65856354
"314","2021","2021-03-13","강원","5,953",0.008,0.05,"강원도",314,922,2891,0.36735597,19.15082873,11.32,1.763535912,5.146961326,22.49834254,21.65856354
"315","2021","2021-03-12","강원","7,127",0.003,0.02,"강원도",314,922,2891,0.36735597,19.10883978,11.32,1.755801105,5.138121547,22.45248619,21.62320442
"316","2021","2021-03-12","강원","2,667",0.03,0.08,"강원도",314,922,2891,0.36735597,19.10883978,11.32,1.755801105,5.138121547,22.45248619,21.62320442
"317","2021","2021-03-12","강원","4,450",0.001,0.004,"강원도",314,922,2891,0.36735597,19.10883978,11.32,1.755801105,5.138121547,22.45248619,21.62320442
"318","2021","2021-03-11","강원","7,530",0.001,0.008,"강원도",314,922,2891,0.36735597,19.07569061,11.32,1.749723757,5.137016575,22.41933702,21.59447514
"319","2021","2021-03-10","강원","8,750",0.02,0.13,"강원도",314,922,2891,0.36735597,19.04640884,11.32,1.751933702,5.166298343,22.40552486,21.5718232
"320","2021","2021-03-10","강원","7,000",0.15,1.05,"강원도",314,922,2891,0.36735597,19.04640884,11.32,1.751933702,5.166298343,22.40552486,21.5718232
"321","2021","2021-03-10","강원","5,830",0.001,0.006,"강원도",314,922,2891,0.36735597,19.04640884,11.32,1.751933702,5.166298343,22.40552486,21.5718232
"322","2021","2021-03-09","강원","2,100",0.002,0.004,"강원도",314,922,2891,0.36735597,19.03149171,11.32,1.762430939,5.185082873,22.38729282,21.54640884
"323","2021","2021-03-08","강원","4,755",0.02,0.08,"강원도",314,922,2891,0.36735597,19.03093923,11.32,1.76519337,5.18839779,22.37016575,21.52320442
"324","2021","2021-03-08","강원","1,750",0.02,0.04,"강원도",314,922,2891,0.36735597,19.03093923,11.32,1.76519337,5.18839779,22.37016575,21.52320442
"325","2021","2021-03-03","강원","6,134",0.37,2.24,"강원도",314,922,2891,0.36735597,18.76906077,11.60217391,1.790607735,5.307734807,22.11381215,21.25635359
"326","2021","2021-03-01","강원","7,580",2.83,21.42,"강원도",314,922,2891,0.36735597,18.70718232,11.54193548,1.797237569,5.313259669,22.03259669,21.16740331
"327","2021","2021-02-26","강원","1,900",0.04,0.08,"강원도",314,922,2891,0.36735597,16.7320442,9.137209302,1.562430939,5.095,19.94254144,18.59217877
"328","2021","2021-02-26","강원","3,973",0.008,0.03,"강원도",314,922,2891,0.36735597,16.7320442,9.137209302,1.562430939,5.095,19.94254144,18.59217877
"329","2021","2021-02-25","강원","2,205",0.04,0.09,"강원도",314,922,2891,0.36735597,16.61933702,9.121176471,1.562983425,5.095,19.82430939,18.45921788
"330","2021","2021-02-24","강원","6,228",0.23,1.43,"강원도",314,922,2891,0.36735597,16.50220994,8.916666667,1.560773481,5.131111111,19.72265193,18.33463687
"331","2021","2021-02-24","강원","2,500",0.006,0.02,"강원도",314,922,2891,0.36735597,16.50220994,8.916666667,1.560773481,5.131111111,19.72265193,18.33463687
"332","2021","2021-02-23","강원","6,500",0.01,0.07,"강원도",314,922,2891,0.36735597,16.39723757,8.868674699,1.568508287,5.173888889,19.6121547,18.21061453
"333","2021","2021-02-22","강원","3,000",0.008,0.02,"강원도",314,922,2891,0.36735597,16.32762431,8.976829268,1.578453039,5.213333333,19.5281768,18.08603352
"334","2021","2021-02-20","강원","3,000",0.006,0.02,"강원도",314,922,2891,0.36735597,16.17624309,8.82345679,1.597237569,5.244444444,19.33977901,17.81452514
"335","2021","2021-02-16","강원","6,250",0.2,1.25,"강원도",314,922,2891,0.36735597,15.57569061,8.962025316,1.639779006,5.32,18.74143646,17.22681564
"336","2021","2021-02-11","강원","6,239",0.44,2.74,"강원도",314,922,2891,0.36735597,15.00773481,8.953164557,1.647513812,5.375,18.11381215,16.48435754
"337","2021","2021-02-08","강원","7,236",3.3,23.89,"강원도",314,922,2891,0.36735597,14.59171271,9.228947368,1.670165746,5.446666667,17.67458564,16.02681564
"338","2021","2021-02-05","강원","4,793",0.03,0.14,"강원도",314,922,2891,0.36735597,14.19281768,9.095945946,1.693370166,5.402222222,17.22265193,15.52458101
"339","2021","2021-02-04","강원","5,970",0.25,1.49,"강원도",314,922,2891,0.36735597,14.03259669,8.994666667,1.704972376,5.398333333,17.05745856,15.35418994
