평균기온(°C),일강수량(mm),평균 풍속(m/s),합계 일조시간(hr),평균 지면온도(°C),평균 5cm 지중온도(°C),일자
18.70718232,11.54193548,1.797237569,5.313259669,22.03259669,21.16740331,2021-03-01
18.73093923,11.54193548,1.796685083,5.295027624,22.07237569,21.21049724,2021-03-02
18.76906077,11.60217391,1.790607735,5.307734807,22.11381215,21.25635359,2021-03-03
18.81657459,11.47741935,1.785082873,5.297237569,22.16187845,21.30607735,2021-03-04
18.86243094,11.47741935,1.772928177,5.277900552,22.21712707,21.36077348,2021-03-05
18.92541436,11.47741935,1.769060773,5.270718232,22.2839779,21.42154696,2021-03-06
18.98508287,11.43510638,1.764088398,5.224861878,22.33038674,21.47624309,2021-03-07
19.03093923,11.32,1.76519337,5.18839779,22.37016575,21.52320442,2021-03-08
19.03149171,11.32,1.762430939,5.185082873,22.38729282,21.54640884,2021-03-09
19.04640884,11.32,1.751933702,5.166298343,22.40552486,21.5718232,2021-03-10
19.07569061,11.32,1.749723757,5.137016575,22.41933702,21.59447514,2021-03-11
19.10883978,11.32,1.755801105,5.138121547,22.45248619,21.62320442,2021-03-12
19.15082873,11.32,1.763535912,5.146961326,22.49834254,21.65856354,2021-03-13
19.20055249,11.3287234,1.760773481,5.143646409,22.54309392,21.70165746,2021-03-14
19.2359116,11.3287234,1.753038674,5.131491713,22.58618785,21.74143646,2021-03-15
19.2679558,11.3287234,1.74640884,5.101657459,22.61381215,21.77679558,2021-03-16
19.27569061,11.3287234,1.744198895,5.087292818,22.63701657,21.80055249,2021-03-17
19.26685083,11.3287234,1.740331492,5.05359116,22.63370166,21.80552486,2021-03-18
19.26850829,11.39139785,1.735911602,5.085635359,22.65469613,21.82209945,2021-03-19
19.26243094,11.50978261,1.733149171,5.072928177,22.65027624,21.82928177,2021-03-20
19.26850829,11.52087912,1.731491713,5.106077348,22.67734807,21.85303867,2021-03-21
19.26519337,11.64555556,1.717127072,5.135359116,22.70110497,21.87292818,2021-03-22
19.28342541,11.64555556,1.685635359,5.118232044,22.7320442,21.90055249,2021-03-23
19.31270718,11.64555556,1.650276243,5.098895028,22.7801105,21.93977901,2021-03-24
19.32762431,11.64555556,1.625414365,5.046961326,22.78618785,21.95469613,2021-03-25
19.34254144,11.64555556,1.606629834,5.002762431,22.79558011,21.97292818,2021-03-26
19.30828729,11.64555556,1.577900552,4.992265193,22.79502762,21.97458564,2021-03-27
19.29668508,11.7741573,1.580662983,4.996685083,22.78618785,21.96961326,2021-03-28
19.3038674,11.89659091,1.579558011,4.997237569,22.78895028,21.97513812,2021-03-29
19.28839779,11.89659091,1.566850829,4.993922652,22.78232044,21.97237569,2021-03-30
19.26353591,11.89659091,1.560220994,4.973480663,22.75911602,21.95690608,2021-03-31
19.22928177,11.89659091,1.550276243,4.948066298,22.72762431,21.93812155,2021-04-01
19.15138122,11.89659091,1.540331492,4.939226519,22.66740331,21.89060773,2021-04-02
19.08176796,11.89659091,1.535911602,4.964640884,22.6198895,21.84475138,2021-04-03
19.0359116,12.02758621,1.53480663,4.983977901,22.58232044,21.80718232,2021-04-04
18.99005525,11.90227273,1.535359116,4.942541436,22.52265193,21.75856354,2021-04-05
18.95469613,12.02183908,1.535911602,4.96519337,22.49337017,21.72707182,2021-04-06
18.89171271,11.88522727,1.550276243,4.955248619,22.43038674,21.66906077,2021-04-07
18.82265193,11.88522727,1.552486188,4.944198895,22.35303867,21.60773481,2021-04-08
18.76022099,12.01609195,1.549171271,4.937016575,22.27071823,21.53701657,2021-04-09
18.74530387,11.77790698,1.556353591,4.956906077,22.25303867,21.50773481,2021-04-10
18.73646409,11.91529412,1.56519337,4.987292818,22.23701657,21.48950276,2021-04-11
18.69558011,11.91529412,1.564640884,4.972928177,22.19779006,21.45359116,2021-04-12
18.63535912,12.03928571,1.552486188,4.960773481,22.15138122,21.40607735,2021-04-13
18.57458564,12.03928571,1.545303867,4.942541436,22.09060773,21.35138122,2021-04-14
18.50607735,12.03928571,1.54198895,4.934254144,22.02651934,21.29060773,2021-04-15
18.46077348,11.94939759,1.542541436,4.975690608,21.98895028,21.24530387,2021-04-16
18.40552486,12.08902439,1.541436464,5.007734807,21.93535912,21.19668508,2021-04-17
18.3320442,12.08902439,1.540331492,4.981767956,21.85690608,21.12928177,2021-04-18
18.27292818,11.94197531,1.539226519,4.988950276,21.79281768,21.06574586,2021-04-19
18.25690608,11.87875,1.537016575,5.013259669,21.75635359,21.02707182,2021-04-20
18.26298343,11.73209877,1.535911602,5.025966851,21.74088398,21.00552486,2021-04-21
18.27016575,11.65,1.537569061,4.98121547,21.71657459,20.98563536,2021-04-22
18.26850829,12.00365854,1.555801105,4.949171271,21.69226519,20.96243094,2021-04-23
18.19502762,12.15061728,1.567403315,4.897237569,21.6160221,20.90165746,2021-04-24
18.12541436,12.19625,1.556353591,4.894475138,21.55138122,20.83480663,2021-04-25
18.06574586,12.07654321,1.562983425,4.870718232,21.48287293,20.77127072,2021-04-26
17.97900552,12.22125,1.564640884,4.877900552,21.40883978,20.69502762,2021-04-27
17.89558011,12.22125,1.562430939,4.821546961,21.30662983,20.60497238,2021-04-28
17.81436464,12.22125,1.56519337,4.826519337,21.21878453,20.5198895,2021-04-29
17.74033149,12.3721519,1.561325967,4.819337017,21.13038674,20.43259669,2021-04-30
17.65690608,12.3721519,1.567403315,4.793370166,21.01381215,20.33922652,2021-05-01
17.54364641,12.3721519,1.570718232,4.771823204,20.87900552,20.22983425,2021-05-02
17.4320442,12.53076923,1.571270718,4.751381215,20.73867403,20.10994475,2021-05-03
17.31933702,12.53076923,1.566850829,4.749171271,20.61491713,20.00110497,2021-05-04
17.19116022,12.53076923,1.55801105,4.717127072,20.45745856,19.86850829,2021-05-05
17.0558011,12.38227848,1.549171271,4.667403315,20.2961326,19.73701657,2021-05-06
16.92209945,12.38227848,1.54640884,4.642541436,20.1121547,19.59668508,2021-05-07
16.78729282,12.38227848,1.543646409,4.61878453,19.92983425,19.45469613,2021-05-08
16.66464088,12.38227848,1.544751381,4.59558011,19.74972376,19.31104972,2021-05-09
16.53812155,12.38227848,1.545856354,4.570718232,19.56187845,19.16132597,2021-05-10
16.40939227,12.38227848,1.552486188,4.520441989,19.3839779,19.00552486,2021-05-11
16.25745856,12.5025641,1.551933702,4.493370166,19.18453039,18.84696133,2021-05-12
16.10607735,12.62597403,1.551933702,4.475690608,18.98895028,18.68950276,2021-05-13
15.99116022,12.62597403,1.555248619,4.491712707,18.85027624,18.55082873,2021-05-14
15.86574586,12.62597403,1.556906077,4.45359116,18.66961326,18.39944751,2021-05-15
15.73977901,12.79078947,1.556906077,4.46519337,18.49558011,18.25469613,2021-05-16
15.60276243,12.72857143,1.555248619,4.406077348,18.31823204,18.10773481,2021-05-17
15.43646409,12.72857143,1.559116022,4.38121547,18.1281768,17.95745856,2021-05-18
15.25027624,12.72857143,1.559668508,4.35801105,17.93314917,17.80441989,2021-05-19
15.06850829,12.72857143,1.560773481,4.389502762,17.76850829,17.66353591,2021-05-20
14.90110497,12.72857143,1.557458564,4.39558011,17.60718232,17.52541436,2021-05-21
14.76132597,12.85,1.563535912,4.362983425,17.41878453,17.37845304,2021-05-22
14.58674033,12.85,1.564640884,4.354696133,17.20828729,17.21767956,2021-05-23
14.40276243,12.85,1.564088398,4.340883978,16.9801105,17.04696133,2021-05-24
14.22707182,12.85,1.56519337,4.313812155,16.7558011,16.87292818,2021-05-25
14.09171271,12.90133333,1.566850829,4.31878453,16.60055249,16.72707182,2021-05-26
13.97900552,13.03513514,1.574585635,4.323756906,16.46740331,16.59889503,2021-05-27
13.88121547,13.20684932,1.589502762,4.349723757,16.35911602,16.4801105,2021-05-28
13.7480663,13.38888889,1.597790055,4.367403315,16.21712707,16.35359116,2021-05-29
13.62375691,13.57464789,1.602762431,4.348618785,16.06906077,16.21436464,2021-05-30
13.50441989,13.65428571,1.600552486,4.360220994,15.93480663,16.07900552,2021-05-31
13.40331492,13.47536232,1.593370166,4.392265193,15.83646409,15.96298343,2021-06-01
13.30110497,13.65882353,1.597790055,4.401657459,15.71491713,15.84917127,2021-06-02
13.13038674,13.65882353,1.619889503,4.4,15.54861878,15.71381215,2021-06-03
12.96022099,13.85522388,1.625966851,4.412707182,15.37679558,15.57127072,2021-06-04
12.8121547,14.05,1.631491713,4.401104972,15.20994475,15.42099448,2021-06-05
12.66464088,14.05,1.638121547,4.386187845,15.03812155,15.26906077,2021-06-06
12.50607735,14.05,1.650276243,4.375690608,14.85027624,15.10552486,2021-06-07
12.35690608,14.05,1.650828729,4.374585635,14.68176796,14.94751381,2021-06-08
12.19779006,14.05,1.659116022,4.372928177,14.50718232,14.7878453,2021-06-09
12.01160221,14.06060606,1.662430939,4.36961326,14.28508287,14.60994475,2021-06-10
11.80994475,14.02575758,1.686740331,4.383425414,14.09944751,14.44917127,2021-06-11
11.60773481,14.02575758,1.697790055,4.393370166,13.89281768,14.2801105,2021-06-12
11.42430939,14.15692308,1.712154696,4.415469613,13.69723757,14.11767956,2021-06-13
11.26740331,13.628125,1.709392265,4.450828729,13.54254144,13.97955801,2021-06-14
11.10773481,13.63015873,1.703867403,4.450276243,13.37679558,13.84198895,2021-06-15
10.96464088,13.64444444,1.711049724,4.459116022,13.21878453,13.69502762,2021-06-16
10.85690608,13.64444444,1.72320442,4.424861878,13.08839779,13.55248619,2021-06-17
10.72983425,13.64444444,1.721546961,4.40718232,12.92983425,13.4,2021-06-18
10.6160221,13.434375,1.732596685,4.367955801,12.78121547,13.24530387,2021-06-19
10.4801105,13.434375,1.739779006,4.38121547,12.63093923,13.1,2021-06-20
10.31160221,13.2,1.732596685,4.412707182,12.46906077,12.95082873,2021-06-21
10.14530387,13.05538462,1.748066298,4.354696133,12.2878453,12.78618785,2021-06-22
9.966298343,13.2515625,1.748066298,4.388950276,12.12762431,12.63425414,2021-06-23
9.816574586,12.90634921,1.745303867,4.424309392,11.97292818,12.49392265,2021-06-24
9.7,12.7015873,1.738674033,4.43480663,11.84861878,12.36685083,2021-06-25
9.609944751,12.6031746,1.737016575,4.444751381,11.75082873,12.24143646,2021-06-26
9.510497238,12.74193548,1.748066298,4.422651934,11.62430939,12.10883978,2021-06-27
9.409944751,12.91803279,1.75359116,4.439226519,11.51657459,11.98066298,2021-06-28
9.306629834,12.98333333,1.757458564,4.463535912,11.40718232,11.85524862,2021-06-29
9.196685083,12.15166667,1.759116022,4.451381215,11.28508287,11.72596685,2021-06-30
9.07679558,12.10338983,1.760220994,4.471270718,11.15027624,11.59337017,2021-07-01
8.919889503,12.16271186,1.779005525,4.441436464,10.98563536,11.45027624,2021-07-02
8.737569061,12.2,1.790055249,4.471823204,10.82486188,11.30607735,2021-07-03
8.580110497,11.48448276,1.78839779,4.472375691,10.66519337,11.17071823,2021-07-04
8.437569061,10.58070175,1.775138122,4.513812155,10.52762431,11.03867403,2021-07-05
8.317679558,10.07894737,1.775138122,4.507734807,10.40110497,10.90165746,2021-07-06
8.170718232,9.866071429,1.797237569,4.549723757,10.26464088,10.76685083,2021-07-07
8.020441989,8.694642857,1.79558011,4.591160221,10.12486188,10.62872928,2021-07-08
7.89281768,8.65,1.809392265,4.632596685,9.997790055,10.49668508,2021-07-09
7.76961326,8.58,1.815469613,4.661878453,9.872928177,10.36132597,2021-07-10
7.66519337,8.377777778,1.817679558,4.668508287,9.75359116,10.22928177,2021-07-11
7.556906077,7.988679245,1.824861878,4.701104972,9.635911602,10.09337017,2021-07-12
7.415469613,6.901923077,1.828176796,4.739226519,9.498895028,9.960773481,2021-07-13
7.266850829,6.901923077,1.836464088,4.751933702,9.349723757,9.814364641,2021-07-14
7.124309392,7.02745098,1.839226519,4.763535912,9.202762431,9.664088398,2021-07-15
6.988950276,7.008,1.815469613,4.79281768,9.077900552,9.51878453,2021-07-16
6.86961326,6.314285714,1.808839779,4.832596685,8.958563536,9.380662983,2021-07-17
6.746961326,6.314285714,1.80441989,4.845856354,8.83038674,9.234254144,2021-07-18
6.631491713,6.188,1.798342541,4.798895028,8.691160221,9.08121547,2021-07-19
6.495027624,6.07254902,1.816022099,4.759668508,8.535359116,8.920994475,2021-07-20
6.321546961,5.957692308,1.822099448,4.72320442,8.339779006,8.754696133,2021-07-21
6.127624309,5.957692308,1.848618785,4.71878453,8.131491713,8.581767956,2021-07-22
5.949723757,5.957692308,1.853038674,4.734254144,7.951381215,8.408839779,2021-07-23
5.816022099,5.741176471,1.86519337,4.751933702,7.805524862,8.243646409,2021-07-24
5.730939227,5.846,1.879558011,4.75359116,7.704972376,8.101104972,2021-07-25
5.649171271,5.846,1.889502762,4.754143646,7.597237569,7.956353591,2021-07-26
5.556906077,5.846,1.90718232,4.749171271,7.471823204,7.80441989,2021-07-27
5.414917127,5.904081633,1.911049724,4.764640884,7.325966851,7.654696133,2021-07-28
5.276243094,5.954166667,1.908839779,4.775690608,7.193370166,7.50718232,2021-07-29
5.13480663,6.078723404,1.906629834,4.743093923,7.033701657,7.348066298,2021-07-30
5.012707182,5.786956522,1.91160221,4.75359116,6.903314917,7.198895028,2021-07-31
4.902209945,5.804444444,1.918232044,4.760773481,6.79281768,7.061325967,2021-08-01
4.803314917,5.67826087,1.91878453,4.791160221,6.687292818,6.933701657,2021-08-02
4.691160221,7.445652174,1.923756906,4.748066298,6.54640884,6.802209945,2021-08-03
4.559116022,6.741304348,1.93038674,4.754143646,6.409392265,6.664088398,2021-08-04
4.43480663,5.924444444,1.90718232,4.780662983,6.285635359,6.538121547,2021-08-05
4.33038674,5.924444444,1.896132597,4.736464088,6.148618785,6.41160221,2021-08-06
4.253038674,6.052272727,1.897237569,4.768508287,6.036464088,6.297237569,2021-08-07
4.161325967,5.751162791,1.897790055,4.768508287,5.930939227,6.186740331,2021-08-08
4.077900552,4.923809524,1.871270718,4.798895028,5.877900552,6.097790055,2021-08-09
3.982872928,5.036585366,1.839779006,4.810497238,5.813812155,6.008287293,2021-08-10
3.906629834,5.0375,1.83480663,4.81878453,5.733701657,5.917127072,2021-08-11
3.833701657,5.164102564,1.835911602,4.833701657,5.659116022,5.828176796,2021-08-12
3.768508287,5.273684211,1.832044199,4.876243094,5.602209945,5.746961326,2021-08-13
3.708287293,4.721052632,1.831491713,4.876243094,5.531491713,5.670718232,2021-08-14
3.655801105,4.721052632,1.834254144,4.892265193,5.473480663,5.6,2021-08-15
3.591160221,4.721052632,1.835359116,4.880662983,5.403867403,5.519337017,2021-08-16
3.533149171,4.721052632,1.84640884,4.87679558,5.340331492,5.43480663,2021-08-17
3.487845304,4.392105263,1.859668508,4.900552486,5.296132597,5.366298343,2021-08-18
3.428176796,4.392105263,1.858563536,4.944751381,5.245856354,5.295027624,2021-08-19
3.377348066,4.392105263,1.85801105,4.944751381,5.191712707,5.229281768,2021-08-20
3.347513812,4.392105263,1.860773481,4.95359116,5.168508287,5.174585635,2021-08-21
3.307734807,4.423076923,1.855801105,4.908287293,5.109944751,5.113812155,2021-08-22
3.260773481,4.423076923,1.86961326,4.877900552,5.050828729,5.051381215,2021-08-23
3.207734807,4.423076923,1.884530387,4.899447514,4.986187845,4.987292818,2021-08-24
3.170165746,4.423076923,1.898895028,4.944751381,4.946961326,4.933149171,2021-08-25
3.129834254,4.531578947,1.903314917,4.963535912,4.918232044,4.878453039,2021-08-26
3.093922652,4.640540541,1.901104972,4.999447514,4.891160221,4.829834254,2020-09-26
3.062983425,4.741666667,1.893922652,5.028729282,4.855801105,4.784530387,2020-09-27
3.031491713,5.277777778,1.891712707,4.991712707,4.806077348,4.73038674,2020-09-28
3.008839779,5.251351351,1.906629834,4.959668508,4.751933702,4.677348066,2020-09-29
2.986187845,5.113157895,1.927071823,4.970165746,4.722651934,4.63038674,2020-09-30
2.943093923,5.251351351,1.928176796,4.99558011,4.685082873,4.579005525,2020-10-01
2.90718232,5.251351351,1.930939227,5.013812155,4.646961326,4.525966851,2020-10-02
2.871270718,5.251351351,1.933701657,5.032596685,4.607734807,4.47679558,2020-10-03
2.864640884,5.188888889,1.940331492,5.075138122,4.611049724,4.444198895,2020-10-04
2.835911602,6.652777778,1.937016575,5.058563536,4.570165746,4.40718232,2020-10-05
2.813812155,6.645945946,1.940331492,5.011049724,4.538121547,4.375690608,2020-10-06
2.797790055,6.645945946,1.942541436,5.027071823,4.522099448,4.343646409,2020-10-07
2.792265193,6.645945946,1.945856354,5.047513812,4.524309392,4.323756906,2020-10-08
2.782320442,6.645945946,1.945856354,5.056353591,4.509392265,4.300552486,2020-10-09
2.750276243,6.645945946,1.94198895,5.060773481,4.481767956,4.273480663,2020-10-10
2.716022099,6.645945946,1.94640884,5.083425414,4.46519337,4.244198895,2020-10-11
2.690607735,6.830555556,1.949171271,5.108839779,4.451381215,4.217679558,2020-10-12
2.674033149,6.830555556,1.950828729,5.133701657,4.446961326,4.19558011,2020-10-13
2.668508287,7.172972973,1.954696133,5.096132597,4.42320442,4.171270718,2020-10-14
2.681767956,7.3,1.968508287,5.09281768,4.436464088,4.161325967,2020-10-15
2.67679558,7.3,1.98121547,5.112154696,4.421546961,4.148066298,2020-10-16
2.679005525,7.3,1.986740331,5.155248619,4.43480663,4.145303867,2020-10-17
2.675690608,7.125641026,1.99558011,5.126519337,4.401657459,4.12320442,2020-10-18
2.667403315,6.9475,2.003867403,5.124861878,4.381767956,4.103867403,2020-10-19
2.662430939,6.9475,2.014364641,5.13480663,4.364088398,4.085635359,2020-10-20
2.672928177,6.9475,2.025414365,5.162430939,4.357458564,4.072928177,2020-10-21
2.710497238,6.9475,2.030939227,5.218232044,4.403867403,4.087292818,2020-10-22
2.748066298,6.9475,2.029834254,5.262430939,4.451381215,4.109392265,2020-10-23
2.805524862,6.9475,2.022651934,5.230939227,4.499447514,4.137569061,2020-10-24
2.845856354,6.9475,2.019889503,5.185635359,4.517127072,4.160220994,2020-10-25
2.880110497,6.9475,2.017127072,5.148618785,4.550276243,4.180110497,2020-10-26
2.898342541,6.9475,2.025966851,5.151381215,4.578453039,4.200552486,2020-10-27
2.908839779,6.9475,2.028176796,5.171270718,4.59558011,4.216574586,2020-10-28
2.93038674,6.9475,2.035359116,5.166850829,4.628729282,4.227624309,2020-10-29
2.972928177,6.77804878,2.048618785,5.165745856,4.661878453,4.255801105,2020-10-30
2.98839779,6.685714286,2.048066298,5.133701657,4.658563536,4.267403315,2020-10-31
2.995027624,6.872093023,2.048618785,5.116574586,4.686187845,4.27679558,2020-11-01
2.983977901,7.01627907,2.042541436,5.116574586,4.687292818,4.280662983,2020-11-02
2.996685083,6.897727273,2.040883978,5.117679558,4.707734807,4.291712707,2020-11-03
3.04198895,7.058139535,2.028176796,5.124861878,4.755248619,4.326519337,2020-11-04
3.103314917,7.013636364,2.027624309,5.081767956,4.799447514,4.364640884,2020-11-05
3.149723757,6.946666667,2.042541436,5.09281768,4.864640884,4.412707182,2020-11-06
3.161325967,6.946666667,2.041436464,5.098895028,4.881767956,4.375,2020-11-07
3.15801105,6.904347826,2.035911602,5.096685083,4.91160221,4.386666667,2020-11-08
3.185082873,6.904347826,2.034254144,5.109392265,4.951381215,4.411666667,2020-11-09
3.239226519,6.904347826,2.043093923,5.123756906,5.009944751,4.456111111,2020-11-10
3.274033149,6.904347826,2.042541436,5.08121547,5.032044199,4.485555556,2020-11-11
3.33038674,6.904347826,2.046961326,5.096132597,5.092265193,4.531111111,2020-11-12
3.387292818,6.904347826,2.048618785,5.111049724,5.163535912,4.582777778,2020-11-13
3.458563536,6.904347826,2.050828729,5.126519337,5.254696133,4.647222222,2020-11-14
3.535911602,6.904347826,2.052486188,5.127777778,5.374033149,4.622346369,2020-11-15
3.600552486,6.917021277,2.049171271,5.095,5.439226519,4.684916201,2020-11-16
3.636464088,8.454166667,2.049171271,5.058888889,5.480110497,4.734636872,2020-11-17
3.64640884,8.733333333,2.048066298,5.046111111,5.507734807,4.766480447,2020-11-18
3.658563536,8.812765957,2.044751381,5.076666667,5.562983425,4.802234637,2020-11-19
3.677900552,8.363043478,2.025414365,5.126666667,5.627624309,4.841340782,2020-11-20
3.739226519,8.208510638,2.013812155,5.126666667,5.671270718,4.888268156,2020-11-21
3.792265193,8.066666667,2.012707182,5.098333333,5.727624309,4.940782123,2020-11-22
3.855801105,8.185106383,2.008287293,5.153333333,5.820441989,5.006145251,2020-11-23
3.953038674,8.185106383,2.00718232,5.143333333,5.916574586,5.08547486,2020-11-24
4.044751381,8.185106383,2.012707182,5.175555556,6.02320442,5.175418994,2020-11-25
4.094475138,8.066666667,2.013812155,5.144444444,6.071270718,5.239664804,2020-11-26
4.156906077,8.066666667,2.02320442,5.144444444,6.155801105,5.308938547,2020-11-27
4.212154696,7.957142857,2.017127072,5.115555556,6.216022099,5.368156425,2020-11-28
4.281767956,8.156,2.012154696,5.085,6.283977901,5.430167598,2020-11-29
4.369060773,8.021568627,2.002762431,5.078888889,6.386740331,5.513407821,2020-11-30
4.470165746,7.871153846,2.002209945,5.090555556,6.503314917,5.611173184,2020-12-01
4.572928177,7.913207547,2.002762431,5.081666667,6.61878453,5.71396648,2020-12-02
4.680110497,8.05,2.006077348,5.098333333,6.735359116,5.818994413,2020-12-03
4.806077348,8.05,2.003314917,5.12,6.884530387,5.937430168,2020-12-04
4.91878453,8.18490566,2.003314917,5.085,7.015469613,6.048603352,2020-12-05
5.02320442,8.066666667,2.006077348,5.101111111,7.15359116,6.166480447,2020-12-06
5.125414365,8.066666667,2.015469613,5.110555556,7.282320442,6.279888268,2020-12-07
5.227071823,8.066666667,2.011049724,5.157222222,7.40718232,6.402234637,2020-12-08
5.34640884,7.92,2.009944751,5.146111111,7.548066298,6.524022346,2020-12-09
5.474585635,7.780357143,2.008839779,5.141666667,7.701657459,6.650837989,2020-12-10
5.591160221,7.780357143,2.005524862,5.184444444,7.850828729,6.78547486,2020-12-11
5.70441989,7.647368421,2.003867403,5.193333333,7.986187845,6.917877095,2020-12-12
5.80718232,7.74137931,2.002762431,5.164444444,8.106629834,7.036312849,2020-12-13
5.948066298,7.736842105,2.000552486,5.213333333,8.265745856,7.172625698,2020-12-14
6.12320442,7.736842105,1.996132597,5.228333333,8.429281768,7.315083799,2020-12-15
6.30718232,7.736842105,1.996685083,5.243333333,8.596132597,7.457541899,2020-12-16
6.486187845,7.603448276,1.99558011,5.21,8.737569061,7.590502793,2020-12-17
6.65359116,7.474576271,2.002209945,5.183333333,8.887292818,7.720111732,2020-12-18
6.782320442,7.35,1.993922652,5.170555556,9.023756906,7.846368715,2020-12-19
6.934254144,7.23442623,1.995027624,5.138333333,9.169060773,7.970391061,2020-12-20
7.094475138,7.23442623,1.996132597,5.157222222,9.352486188,8.111173184,2020-12-21
7.248066298,7.117741935,2.000552486,5.172777778,9.533149171,8.256424581,2020-12-22
7.384530387,7.006349206,2.004972376,5.191111111,9.69558011,8.398324022,2020-12-23
7.486187845,7.0609375,1.999447514,5.195,9.830939227,8.532402235,2020-12-24
7.571270718,6.952307692,1.980110497,5.177777778,9.950828729,8.658659218,2020-12-25
7.701104972,7.012121212,1.970165746,5.185,10.11712707,8.798882682,2020-12-26
7.82320442,6.97761194,1.96519337,5.199444444,10.26629834,8.945251397,2020-12-27
7.939226519,7.125,1.966850829,5.190555556,10.39668508,9.082681564,2020-12-28
8.050276243,7.02173913,1.969060773,5.177777778,10.51381215,9.218994413,2020-12-29
8.171823204,7.02173913,1.969060773,5.173888889,10.66243094,9.357541899,2020-12-30
8.344751381,7.094285714,1.948066298,5.174444444,10.83149171,9.502793296,2020-12-31
8.519889503,7.036619718,1.939779006,5.148333333,11.01546961,9.656424581,2021-01-01
8.678453039,7.061111111,1.935911602,5.153333333,11.19392265,9.816759777,2021-01-02
8.821546961,7.061111111,1.929834254,5.141111111,11.35801105,9.967039106,2021-01-03
8.960773481,7.401369863,1.919889503,5.113333333,11.51270718,10.10782123,2021-01-04
9.1,7.874324324,1.925966851,5.078888889,11.64917127,10.24022346,2021-01-05
9.249171271,7.874324324,1.918232044,5.068333333,11.80110497,10.38156425,2021-01-06
9.433701657,7.97260274,1.912707182,5.06,11.99226519,10.54469274,2021-01-07
9.643646409,8.052054795,1.883977901,5.038333333,12.1878453,10.70782123,2021-01-08
9.864088398,8.112162162,1.872375691,5.058888889,12.40773481,10.8877095,2021-01-09
10.07348066,8.085333333,1.85801105,5.060555556,12.62983425,11.0726257,2021-01-10
10.25801105,8.156578947,1.85359116,5.036666667,12.82320442,11.25027933,2021-01-11
10.44254144,8.105194805,1.85359116,5.045,13.01933702,11.42346369,2021-01-12
10.62099448,8.198684211,1.846961326,5.051111111,13.20828729,11.6027933,2021-01-13
10.76187845,8.198684211,1.833149171,5.088333333,13.37237569,11.77653631,2021-01-14
10.91712707,8.198684211,1.83480663,5.099444444,13.55414365,11.95307263,2021-01-15
11.04475138,8.453947368,1.824861878,5.134444444,13.70110497,12.11620112,2021-01-16
11.19889503,8.453947368,1.817127072,5.156666667,13.87679558,12.28212291,2021-01-17
11.37016575,8.456578947,1.80718232,5.144444444,14.06464088,12.45307263,2021-01-18
11.53646409,8.556578947,1.792265193,5.176111111,14.23977901,12.62290503,2021-01-19
11.72872928,8.445454545,1.790607735,5.151666667,14.42154696,12.79217877,2021-01-20
11.91049724,8.445454545,1.792265193,5.138333333,14.62154696,12.96871508,2021-01-21
12.05911602,8.535526316,1.79281768,5.171111111,14.79447514,13.14413408,2021-01-22
12.17237569,8.645333333,1.793370166,5.212222222,14.9281768,13.30726257,2021-01-23
12.29668508,8.645333333,1.782872928,5.257777778,15.08508287,13.47374302,2021-01-24
12.42320442,8.645333333,1.779558011,5.281111111,15.23646409,13.6396648,2021-01-25
12.55524862,8.531578947,1.780110497,5.297777778,15.39116022,13.80391061,2021-01-26
12.69723757,8.510526316,1.780662983,5.337777778,15.56077348,13.97430168,2021-01-27
12.8441989,8.510526316,1.781767956,5.362222222,15.75138122,14.14692737,2021-01-28
13.0160221,8.576,1.763535912,5.395,15.95248619,14.31955307,2021-01-29
13.21823204,8.576,1.752486188,5.398333333,16.15690608,14.49497207,2021-01-30
13.40110497,8.678378378,1.748618785,5.437777778,16.37348066,14.67374302,2021-01-31
13.5718232,8.562666667,1.748618785,5.432777778,16.57679558,14.8547486,2021-02-01
13.70220994,8.552,1.736464088,5.439444444,16.73867403,15.02681564,2021-02-02
13.86353591,8.881578947,1.714917127,5.407222222,16.89171271,15.18435754,2021-02-03
14.03259669,8.994666667,1.704972376,5.398333333,17.05745856,15.35418994,2021-02-04
14.19281768,9.095945946,1.693370166,5.402222222,17.22265193,15.52458101,2021-02-05
14.34972376,9.095945946,1.687292818,5.423888889,17.38508287,15.69944134,2021-02-06
14.47237569,9.352,1.680110497,5.445555556,17.53535912,15.86592179,2021-02-07
14.59171271,9.228947368,1.670165746,5.446666667,17.67458564,16.02681564,2021-02-08
14.74143646,9.109090909,1.659668508,5.405555556,17.82430939,16.17988827,2021-02-09
14.88066298,9.024358974,1.654696133,5.379444444,17.97127072,16.33240223,2021-02-10
15.00773481,8.953164557,1.647513812,5.375,18.11381215,16.48435754,2021-02-11
15.13093923,8.84125,1.647513812,5.373888889,18.25027624,16.6424581,2021-02-12
15.24861878,8.84125,1.647513812,5.351111111,18.37955801,16.79664804,2021-02-13
15.36574586,8.84125,1.649723757,5.315555556,18.50220994,16.94692737,2021-02-14
15.45911602,8.85375,1.655801105,5.312222222,18.61325967,17.0877095,2021-02-15
15.57569061,8.962025316,1.639779006,5.32,18.74143646,17.22681564,2021-02-16
15.73149171,9.075641026,1.633149171,5.339444444,18.90662983,17.37374302,2021-02-17
15.89447514,9.021518987,1.606077348,5.298888889,19.06077348,17.51620112,2021-02-18
16.05856354,8.9125,1.606077348,5.281111111,19.21491713,17.66927374,2021-02-19
16.17624309,8.82345679,1.597237569,5.244444444,19.33977901,17.81452514,2021-02-20
16.26298343,8.82345679,1.583425414,5.253888889,19.44475138,17.95698324,2021-02-21
16.32762431,8.976829268,1.578453039,5.213333333,19.5281768,18.08603352,2021-02-22
16.39723757,8.868674699,1.568508287,5.173888889,19.6121547,18.21061453,2021-02-23
16.50220994,8.916666667,1.560773481,5.131111111,19.72265193,18.33463687,2021-02-24
16.61933702,9.121176471,1.562983425,5.095,19.82430939,18.45921788,2021-02-25
16.7320442,9.137209302,1.562430939,5.095,19.94254144,18.59217877,2021-02-26
16.83149171,9.137209302,1.556353591,5.062222222,20.0480663,18.71731844,2021-02-27
16.90111111,9.137209302,1.553888889,5.075977654,20.11944444,18.81011236,2021-02-28
